99650be8-5d22-11f0-b4be-1d611f6e3915.png,4,generated_esms
9a4b59cc-5d22-11f0-b4be-1d611f6e3915.png,5,generated_esms
9b24641a-5d22-11f0-b4be-1d611f6e3915.png,4,generated_esms
9bf54788-5d22-11f0-b4be-1d611f6e3915.png,5,generated_esms
9cc95000-5d22-11f0-b4be-1d611f6e3915.png,4,generated_esms
9d9e4224-5d22-11f0-b4be-1d611f6e3915.png,5,generated_esms
9e71c1ee-5d22-11f0-b4be-1d611f6e3915.png,4,generated_esms
9f4bbe62-5d22-11f0-b4be-1d611f6e3915.png,5,generated_esms
a0205366-5d22-11f0-b4be-1d611f6e3915.png,4,generated_esms
a0f36de6-5d22-11f0-b4be-1d611f6e3915.png,5,generated_esms
a1cddcec-5d22-11f0-b4be-1d611f6e3915.png,4,generated_esms
a2ad480a-5d22-11f0-b4be-1d611f6e3915.png,5,generated_esms
a38fb5fa-5d22-11f0-b4be-1d611f6e3915.png,4,generated_esms
a464a9ae-5d22-11f0-b4be-1d611f6e3915.png,5,generated_esms
a5353da8-5d22-11f0-b4be-1d611f6e3915.png,4,generated_esms
a60d883e-5d22-11f0-b4be-1d611f6e3915.png,5,generated_esms
a6e23a8e-5d22-11f0-b4be-1d611f6e3915.png,4,generated_esms
a7c45d06-5d22-11f0-b4be-1d611f6e3915.png,5,generated_esms
a89bbcc4-5d22-11f0-b4be-1d611f6e3915.png,4,generated_esms
a979122c-5d22-11f0-b4be-1d611f6e3915.png,5,generated_esms
c9e23138-5d22-11f0-ad5b-6beadf5bae8a.png,4,generated_esms
cac8448e-5d22-11f0-ad5b-6beadf5bae8a.png,5,generated_esms
cba67632-5d22-11f0-ad5b-6beadf5bae8a.png,4,generated_esms
cc76b8e2-5d22-11f0-ad5b-6beadf5bae8a.png,5,generated_esms
cd588146-5d22-11f0-ad5b-6beadf5bae8a.png,4,generated_esms
ce40d022-5d22-11f0-ad5b-6beadf5bae8a.png,5,generated_esms
cf17945e-5d22-11f0-ad5b-6beadf5bae8a.png,4,generated_esms
cffdf908-5d22-11f0-ad5b-6beadf5bae8a.png,5,generated_esms
d0cfeba2-5d22-11f0-ad5b-6beadf5bae8a.png,4,generated_esms
d1a6e2b0-5d22-11f0-ad5b-6beadf5bae8a.png,5,generated_esms
d27c18ae-5d22-11f0-ad5b-6beadf5bae8a.png,4,generated_esms
d34d07e8-5d22-11f0-ad5b-6beadf5bae8a.png,5,generated_esms
d42a2754-5d22-11f0-ad5b-6beadf5bae8a.png,4,generated_esms
d5025f16-5d22-11f0-ad5b-6beadf5bae8a.png,5,generated_esms
d5d8d424-5d22-11f0-ad5b-6beadf5bae8a.png,4,generated_esms
d6ae5e3c-5d22-11f0-ad5b-6beadf5bae8a.png,5,generated_esms
d7892314-5d22-11f0-ad5b-6beadf5bae8a.png,4,generated_esms
d8698ab2-5d22-11f0-ad5b-6beadf5bae8a.png,5,generated_esms
d94aef52-5d22-11f0-ad5b-6beadf5bae8a.png,4,generated_esms
da230e96-5d22-11f0-ad5b-6beadf5bae8a.png,5,generated_esms
db0aa4cc-5d22-11f0-ad5b-6beadf5bae8a.png,4,generated_esms
dbe21326-5d22-11f0-ad5b-6beadf5bae8a.png,5,generated_esms
dcb729da-5d22-11f0-ad5b-6beadf5bae8a.png,4,generated_esms
dd8d34f8-5d22-11f0-ad5b-6beadf5bae8a.png,5,generated_esms
de61d820-5d22-11f0-ad5b-6beadf5bae8a.png,4,generated_esms
df35aba0-5d22-11f0-ad5b-6beadf5bae8a.png,5,generated_esms
e00b94fe-5d22-11f0-ad5b-6beadf5bae8a.png,4,generated_esms
e0e1966c-5d22-11f0-ad5b-6beadf5bae8a.png,5,generated_esms
e1b3bb06-5d22-11f0-ad5b-6beadf5bae8a.png,4,generated_esms
e2881a54-5d22-11f0-ad5b-6beadf5bae8a.png,5,generated_esms
e35d5732-5d22-11f0-ad5b-6beadf5bae8a.png,4,generated_esms
e4339fb8-5d22-11f0-ad5b-6beadf5bae8a.png,5,generated_esms
e50767a8-5d22-11f0-ad5b-6beadf5bae8a.png,4,generated_esms
e5dc5116-5d22-11f0-ad5b-6beadf5bae8a.png,5,generated_esms
e6b197ea-5d22-11f0-ad5b-6beadf5bae8a.png,4,generated_esms
e784e730-5d22-11f0-ad5b-6beadf5bae8a.png,5,generated_esms
e85727ea-5d22-11f0-ad5b-6beadf5bae8a.png,4,generated_esms
e93b5208-5d22-11f0-ad5b-6beadf5bae8a.png,5,generated_esms
ea196548-5d22-11f0-ad5b-6beadf5bae8a.png,4,generated_esms
eaf95be4-5d22-11f0-ad5b-6beadf5bae8a.png,5,generated_esms
ebdb128c-5d22-11f0-ad5b-6beadf5bae8a.png,4,generated_esms
ecb8b664-5d22-11f0-ad5b-6beadf5bae8a.png,5,generated_esms
ed8d9172-5d22-11f0-ad5b-6beadf5bae8a.png,4,generated_esms
ee773070-5d22-11f0-ad5b-6beadf5bae8a.png,5,generated_esms
ef4fa162-5d22-11f0-ad5b-6beadf5bae8a.png,4,generated_esms
f02eb834-5d22-11f0-ad5b-6beadf5bae8a.png,5,generated_esms
f10485ae-5d22-11f0-ad5b-6beadf5bae8a.png,4,generated_esms
f1d4f3d8-5d22-11f0-ad5b-6beadf5bae8a.png,5,generated_esms
f2bb9c98-5d22-11f0-ad5b-6beadf5bae8a.png,4,generated_esms
f3a1c60a-5d22-11f0-ad5b-6beadf5bae8a.png,5,generated_esms
f47abcb2-5d22-11f0-ad5b-6beadf5bae8a.png,4,generated_esms
f55a61e6-5d22-11f0-ad5b-6beadf5bae8a.png,5,generated_esms
f6389966-5d22-11f0-ad5b-6beadf5bae8a.png,4,generated_esms
f7195938-5d22-11f0-ad5b-6beadf5bae8a.png,5,generated_esms
f7f06284-5d22-11f0-ad5b-6beadf5bae8a.png,4,generated_esms
f8cbf740-5d22-11f0-ad5b-6beadf5bae8a.png,5,generated_esms
f9a7d1ca-5d22-11f0-ad5b-6beadf5bae8a.png,4,generated_esms
fa7cd6b8-5d22-11f0-ad5b-6beadf5bae8a.png,5,generated_esms
fb4ff764-5d22-11f0-ad5b-6beadf5bae8a.png,4,generated_esms
fc230c44-5d22-11f0-ad5b-6beadf5bae8a.png,5,generated_esms
fcfc9734-5d22-11f0-ad5b-6beadf5bae8a.png,4,generated_esms
fdd1b6bc-5d22-11f0-ad5b-6beadf5bae8a.png,5,generated_esms
fea52240-5d22-11f0-ad5b-6beadf5bae8a.png,4,generated_esms
ff75d8ea-5d22-11f0-ad5b-6beadf5bae8a.png,5,generated_esms
0047b3ce-5d23-11f0-ad5b-6beadf5bae8a.png,4,generated_esms
011ea2a8-5d23-11f0-ad5b-6beadf5bae8a.png,5,generated_esms
01f6b6c0-5d23-11f0-ad5b-6beadf5bae8a.png,4,generated_esms
02cd0284-5d23-11f0-ad5b-6beadf5bae8a.png,5,generated_esms
03a31c5c-5d23-11f0-ad5b-6beadf5bae8a.png,4,generated_esms
0476c520-5d23-11f0-ad5b-6beadf5bae8a.png,5,generated_esms
0548bd3c-5d23-11f0-ad5b-6beadf5bae8a.png,4,generated_esms
061f8420-5d23-11f0-ad5b-6beadf5bae8a.png,5,generated_esms
06f4fdb2-5d23-11f0-ad5b-6beadf5bae8a.png,4,generated_esms
07d34b9e-5d23-11f0-ad5b-6beadf5bae8a.png,5,generated_esms
08a957ac-5d23-11f0-ad5b-6beadf5bae8a.png,4,generated_esms
0977f422-5d23-11f0-ad5b-6beadf5bae8a.png,5,generated_esms
0a4a6812-5d23-11f0-ad5b-6beadf5bae8a.png,4,generated_esms
0b1a836c-5d23-11f0-ad5b-6beadf5bae8a.png,5,generated_esms
0bef3454-5d23-11f0-ad5b-6beadf5bae8a.png,4,generated_esms
0ccbb60e-5d23-11f0-ad5b-6beadf5bae8a.png,5,generated_esms
0da198a0-5d23-11f0-ad5b-6beadf5bae8a.png,4,generated_esms
0e7c132c-5d23-11f0-ad5b-6beadf5bae8a.png,5,generated_esms
0f51e3e4-5d23-11f0-ad5b-6beadf5bae8a.png,4,generated_esms
102a55bc-5d23-11f0-ad5b-6beadf5bae8a.png,5,generated_esms
110a08f6-5d23-11f0-ad5b-6beadf5bae8a.png,4,generated_esms
11de6d8a-5d23-11f0-ad5b-6beadf5bae8a.png,5,generated_esms
12b7902e-5d23-11f0-ad5b-6beadf5bae8a.png,4,generated_esms
139613c6-5d23-11f0-ad5b-6beadf5bae8a.png,5,generated_esms
147140cc-5d23-11f0-ad5b-6beadf5bae8a.png,4,generated_esms
154b31d8-5d23-11f0-ad5b-6beadf5bae8a.png,5,generated_esms
162dddf8-5d23-11f0-ad5b-6beadf5bae8a.png,4,generated_esms
17053a96-5d23-11f0-ad5b-6beadf5bae8a.png,5,generated_esms
17f5193a-5d23-11f0-ad5b-6beadf5bae8a.png,4,generated_esms
18d92b20-5d23-11f0-ad5b-6beadf5bae8a.png,5,generated_esms
19b8b1b4-5d23-11f0-ad5b-6beadf5bae8a.png,4,generated_esms
1a98e13a-5d23-11f0-ad5b-6beadf5bae8a.png,5,generated_esms
1b7a6c86-5d23-11f0-ad5b-6beadf5bae8a.png,4,generated_esms
1c4feea6-5d23-11f0-ad5b-6beadf5bae8a.png,5,generated_esms
1d262ba6-5d23-11f0-ad5b-6beadf5bae8a.png,4,generated_esms
1df8613e-5d23-11f0-ad5b-6beadf5bae8a.png,5,generated_esms
1ecc7c3a-5d23-11f0-ad5b-6beadf5bae8a.png,4,generated_esms
1fa13786-5d23-11f0-ad5b-6beadf5bae8a.png,5,generated_esms
2074a698-5d23-11f0-ad5b-6beadf5bae8a.png,4,generated_esms
214b90ea-5d23-11f0-ad5b-6beadf5bae8a.png,5,generated_esms
222155fe-5d23-11f0-ad5b-6beadf5bae8a.png,4,generated_esms
22f6ab0a-5d23-11f0-ad5b-6beadf5bae8a.png,5,generated_esms
23cfcee4-5d23-11f0-ad5b-6beadf5bae8a.png,4,generated_esms
24a83c70-5d23-11f0-ad5b-6beadf5bae8a.png,5,generated_esms
2584ce9c-5d23-11f0-ad5b-6beadf5bae8a.png,4,generated_esms
265715be-5d23-11f0-ad5b-6beadf5bae8a.png,5,generated_esms
27322258-5d23-11f0-ad5b-6beadf5bae8a.png,4,generated_esms
2811c69c-5d23-11f0-ad5b-6beadf5bae8a.png,5,generated_esms
28e5f5e8-5d23-11f0-ad5b-6beadf5bae8a.png,4,generated_esms
29c9b558-5d23-11f0-ad5b-6beadf5bae8a.png,5,generated_esms
2aaa6ad0-5d23-11f0-ad5b-6beadf5bae8a.png,4,generated_esms
2b8d4454-5d23-11f0-ad5b-6beadf5bae8a.png,5,generated_esms
2c624ba4-5d23-11f0-ad5b-6beadf5bae8a.png,4,generated_esms
2d490cd8-5d23-11f0-ad5b-6beadf5bae8a.png,5,generated_esms
2e3ced6c-5d23-11f0-ad5b-6beadf5bae8a.png,4,generated_esms
2f2f5d36-5d23-11f0-ad5b-6beadf5bae8a.png,5,generated_esms
3010192a-5d23-11f0-ad5b-6beadf5bae8a.png,4,generated_esms
315125b8-5d23-11f0-ad5b-6beadf5bae8a.png,5,generated_esms
32369d96-5d23-11f0-ad5b-6beadf5bae8a.png,4,generated_esms
331c94f4-5d23-11f0-ad5b-6beadf5bae8a.png,5,generated_esms
33f2851e-5d23-11f0-ad5b-6beadf5bae8a.png,4,generated_esms
34c4abac-5d23-11f0-ad5b-6beadf5bae8a.png,5,generated_esms
35999df8-5d23-11f0-ad5b-6beadf5bae8a.png,4,generated_esms
366f32d8-5d23-11f0-ad5b-6beadf5bae8a.png,5,generated_esms
37535756-5d23-11f0-ad5b-6beadf5bae8a.png,4,generated_esms
3831acc2-5d23-11f0-ad5b-6beadf5bae8a.png,5,generated_esms
3908e430-5d23-11f0-ad5b-6beadf5bae8a.png,4,generated_esms
39df9e12-5d23-11f0-ad5b-6beadf5bae8a.png,5,generated_esms
3ab13f58-5d23-11f0-ad5b-6beadf5bae8a.png,4,generated_esms
3b80e44c-5d23-11f0-ad5b-6beadf5bae8a.png,5,generated_esms
3c63219a-5d23-11f0-ad5b-6beadf5bae8a.png,4,generated_esms
3d433988-5d23-11f0-ad5b-6beadf5bae8a.png,5,generated_esms
3e20f8f4-5d23-11f0-ad5b-6beadf5bae8a.png,4,generated_esms
3efd81d4-5d23-11f0-ad5b-6beadf5bae8a.png,5,generated_esms
3fd4130c-5d23-11f0-ad5b-6beadf5bae8a.png,4,generated_esms
40b1cb70-5d23-11f0-ad5b-6beadf5bae8a.png,5,generated_esms
4185fba2-5d23-11f0-ad5b-6beadf5bae8a.png,4,generated_esms
42631492-5d23-11f0-ad5b-6beadf5bae8a.png,5,generated_esms
43376a08-5d23-11f0-ad5b-6beadf5bae8a.png,4,generated_esms
440c6208-5d23-11f0-ad5b-6beadf5bae8a.png,5,generated_esms
44e14766-5d23-11f0-ad5b-6beadf5bae8a.png,4,generated_esms
45b9e65c-5d23-11f0-ad5b-6beadf5bae8a.png,5,generated_esms
4690d5e0-5d23-11f0-ad5b-6beadf5bae8a.png,4,generated_esms
476ed19c-5d23-11f0-ad5b-6beadf5bae8a.png,5,generated_esms
4845fe56-5d23-11f0-ad5b-6beadf5bae8a.png,4,generated_esms
491c6d9c-5d23-11f0-ad5b-6beadf5bae8a.png,5,generated_esms
49f19cce-5d23-11f0-ad5b-6beadf5bae8a.png,4,generated_esms
4acae1dc-5d23-11f0-ad5b-6beadf5bae8a.png,5,generated_esms
4ba0cc02-5d23-11f0-ad5b-6beadf5bae8a.png,4,generated_esms
4c76283e-5d23-11f0-ad5b-6beadf5bae8a.png,5,generated_esms
4d4b3452-5d23-11f0-ad5b-6beadf5bae8a.png,4,generated_esms
4e2517c6-5d23-11f0-ad5b-6beadf5bae8a.png,5,generated_esms
4ef68e5a-5d23-11f0-ad5b-6beadf5bae8a.png,4,generated_esms
4fd057c0-5d23-11f0-ad5b-6beadf5bae8a.png,5,generated_esms
50a513ac-5d23-11f0-ad5b-6beadf5bae8a.png,4,generated_esms
5179d7ae-5d23-11f0-ad5b-6beadf5bae8a.png,5,generated_esms
524ea722-5d23-11f0-ad5b-6beadf5bae8a.png,4,generated_esms
5325c14e-5d23-11f0-ad5b-6beadf5bae8a.png,5,generated_esms
53fa5d28-5d23-11f0-ad5b-6beadf5bae8a.png,4,generated_esms
54cf5bea-5d23-11f0-ad5b-6beadf5bae8a.png,5,generated_esms
55a2fdce-5d23-11f0-ad5b-6beadf5bae8a.png,4,generated_esms
567ad4b0-5d23-11f0-ad5b-6beadf5bae8a.png,5,generated_esms
575587e0-5d23-11f0-ad5b-6beadf5bae8a.png,4,generated_esms
5823cf92-5d23-11f0-ad5b-6beadf5bae8a.png,5,generated_esms
58f85744-5d23-11f0-ad5b-6beadf5bae8a.png,4,generated_esms
59cc03a0-5d23-11f0-ad5b-6beadf5bae8a.png,5,generated_esms
5a9cb27a-5d23-11f0-ad5b-6beadf5bae8a.png,4,generated_esms
5b718dc4-5d23-11f0-ad5b-6beadf5bae8a.png,5,generated_esms
5c5a408c-5d23-11f0-ad5b-6beadf5bae8a.png,4,generated_esms
5d31351a-5d23-11f0-ad5b-6beadf5bae8a.png,5,generated_esms
5e153224-5d23-11f0-ad5b-6beadf5bae8a.png,4,generated_esms
5ef724f4-5d23-11f0-ad5b-6beadf5bae8a.png,5,generated_esms
5fd06ef8-5d23-11f0-ad5b-6beadf5bae8a.png,4,generated_esms
60bcaf20-5d23-11f0-ad5b-6beadf5bae8a.png,5,generated_esms
6191b972-5d23-11f0-ad5b-6beadf5bae8a.png,4,generated_esms
626756ea-5d23-11f0-ad5b-6beadf5bae8a.png,5,generated_esms
6336fbde-5d23-11f0-ad5b-6beadf5bae8a.png,4,generated_esms
640a1e9c-5d23-11f0-ad5b-6beadf5bae8a.png,5,generated_esms
64d94e10-5d23-11f0-ad5b-6beadf5bae8a.png,4,generated_esms
65abf4be-5d23-11f0-ad5b-6beadf5bae8a.png,5,generated_esms
667e74f2-5d23-11f0-ad5b-6beadf5bae8a.png,4,generated_esms
6758ff28-5d23-11f0-ad5b-6beadf5bae8a.png,5,generated_esms
68314e1e-5d23-11f0-ad5b-6beadf5bae8a.png,4,generated_esms
690a126c-5d23-11f0-ad5b-6beadf5bae8a.png,5,generated_esms
69ed7dea-5d23-11f0-ad5b-6beadf5bae8a.png,4,generated_esms
6acb66e6-5d23-11f0-ad5b-6beadf5bae8a.png,5,generated_esms
6ba91aae-5d23-11f0-ad5b-6beadf5bae8a.png,4,generated_esms
6c7c7d68-5d23-11f0-ad5b-6beadf5bae8a.png,5,generated_esms
6d543f50-5d23-11f0-ad5b-6beadf5bae8a.png,4,generated_esms
6e2c0c3c-5d23-11f0-ad5b-6beadf5bae8a.png,5,generated_esms
6f09fca4-5d23-11f0-ad5b-6beadf5bae8a.png,4,generated_esms
6fe0f9de-5d23-11f0-ad5b-6beadf5bae8a.png,5,generated_esms
70b42534-5d23-11f0-ad5b-6beadf5bae8a.png,4,generated_esms
718a1072-5d23-11f0-ad5b-6beadf5bae8a.png,5,generated_esms
726055b0-5d23-11f0-ad5b-6beadf5bae8a.png,4,generated_esms
7336019c-5d23-11f0-ad5b-6beadf5bae8a.png,5,generated_esms
740fc1d4-5d23-11f0-ad5b-6beadf5bae8a.png,4,generated_esms
74e61248-5d23-11f0-ad5b-6beadf5bae8a.png,5,generated_esms
75ba09c2-5d23-11f0-ad5b-6beadf5bae8a.png,4,generated_esms
768f8822-5d23-11f0-ad5b-6beadf5bae8a.png,5,generated_esms
7760cafe-5d23-11f0-ad5b-6beadf5bae8a.png,4,generated_esms
783566b0-5d23-11f0-ad5b-6beadf5bae8a.png,5,generated_esms
790c713c-5d23-11f0-ad5b-6beadf5bae8a.png,4,generated_esms
79ec96f4-5d23-11f0-ad5b-6beadf5bae8a.png,5,generated_esms
7abbae08-5d23-11f0-ad5b-6beadf5bae8a.png,4,generated_esms
7b8edbb6-5d23-11f0-ad5b-6beadf5bae8a.png,5,generated_esms
7c5f9bca-5d23-11f0-ad5b-6beadf5bae8a.png,4,generated_esms
7d3136c6-5d23-11f0-ad5b-6beadf5bae8a.png,5,generated_esms
7e0f3548-5d23-11f0-ad5b-6beadf5bae8a.png,4,generated_esms
7ee54d9a-5d23-11f0-ad5b-6beadf5bae8a.png,5,generated_esms
7fbb8338-5d23-11f0-ad5b-6beadf5bae8a.png,4,generated_esms
8092b24a-5d23-11f0-ad5b-6beadf5bae8a.png,5,generated_esms
81700e88-5d23-11f0-ad5b-6beadf5bae8a.png,4,generated_esms
82497dc6-5d23-11f0-ad5b-6beadf5bae8a.png,5,generated_esms
831f0e5a-5d23-11f0-ad5b-6beadf5bae8a.png,4,generated_esms
83f928a6-5d23-11f0-ad5b-6beadf5bae8a.png,5,generated_esms
84cec718-5d23-11f0-ad5b-6beadf5bae8a.png,4,generated_esms
85a73f3a-5d23-11f0-ad5b-6beadf5bae8a.png,5,generated_esms
867e2f0e-5d23-11f0-ad5b-6beadf5bae8a.png,4,generated_esms
875054de-5d23-11f0-ad5b-6beadf5bae8a.png,5,generated_esms
88309602-5d23-11f0-ad5b-6beadf5bae8a.png,4,generated_esms
890a4118-5d23-11f0-ad5b-6beadf5bae8a.png,5,generated_esms
89f32dec-5d23-11f0-ad5b-6beadf5bae8a.png,4,generated_esms
8ac9b484-5d23-11f0-ad5b-6beadf5bae8a.png,5,generated_esms
8ba2bf0e-5d23-11f0-ad5b-6beadf5bae8a.png,4,generated_esms
8c784246-5d23-11f0-ad5b-6beadf5bae8a.png,5,generated_esms
8d4b8df4-5d23-11f0-ad5b-6beadf5bae8a.png,4,generated_esms
8e22da16-5d23-11f0-ad5b-6beadf5bae8a.png,5,generated_esms
8ef98dcc-5d23-11f0-ad5b-6beadf5bae8a.png,4,generated_esms
8fd08598-5d23-11f0-ad5b-6beadf5bae8a.png,5,generated_esms
90a83466-5d23-11f0-ad5b-6beadf5bae8a.png,4,generated_esms
917edd04-5d23-11f0-ad5b-6beadf5bae8a.png,5,generated_esms
925d50c0-5d23-11f0-ad5b-6beadf5bae8a.png,4,generated_esms
93320590-5d23-11f0-ad5b-6beadf5bae8a.png,5,generated_esms
94084d8a-5d23-11f0-ad5b-6beadf5bae8a.png,4,generated_esms
94deb906-5d23-11f0-ad5b-6beadf5bae8a.png,5,generated_esms
95bb46c8-5d23-11f0-ad5b-6beadf5bae8a.png,4,generated_esms
969238b8-5d23-11f0-ad5b-6beadf5bae8a.png,5,generated_esms
976f6080-5d23-11f0-ad5b-6beadf5bae8a.png,4,generated_esms
9846bef4-5d23-11f0-ad5b-6beadf5bae8a.png,5,generated_esms
9918c372-5d23-11f0-ad5b-6beadf5bae8a.png,4,generated_esms
99ed4c14-5d23-11f0-ad5b-6beadf5bae8a.png,5,generated_esms
9abdefa4-5d23-11f0-ad5b-6beadf5bae8a.png,4,generated_esms
9b953e6e-5d23-11f0-ad5b-6beadf5bae8a.png,5,generated_esms
9c6caee4-5d23-11f0-ad5b-6beadf5bae8a.png,4,generated_esms
9d4bead2-5d23-11f0-ad5b-6beadf5bae8a.png,5,generated_esms
9e215aaa-5d23-11f0-ad5b-6beadf5bae8a.png,4,generated_esms
9f01e46c-5d23-11f0-ad5b-6beadf5bae8a.png,5,generated_esms
9fd82c48-5d23-11f0-ad5b-6beadf5bae8a.png,4,generated_esms
a0b33d24-5d23-11f0-ad5b-6beadf5bae8a.png,5,generated_esms
a190d2ec-5d23-11f0-ad5b-6beadf5bae8a.png,4,generated_esms
a26bce7e-5d23-11f0-ad5b-6beadf5bae8a.png,5,generated_esms
a342fd36-5d23-11f0-ad5b-6beadf5bae8a.png,4,generated_esms
a41d5b8e-5d23-11f0-ad5b-6beadf5bae8a.png,5,generated_esms
a4f43758-5d23-11f0-ad5b-6beadf5bae8a.png,4,generated_esms
a5c9deee-5d23-11f0-ad5b-6beadf5bae8a.png,5,generated_esms
a6a11f12-5d23-11f0-ad5b-6beadf5bae8a.png,4,generated_esms
a77edb36-5d23-11f0-ad5b-6beadf5bae8a.png,5,generated_esms
a86f8270-5d23-11f0-ad5b-6beadf5bae8a.png,4,generated_esms
a950d98c-5d23-11f0-ad5b-6beadf5bae8a.png,5,generated_esms
aa274378-5d23-11f0-ad5b-6beadf5bae8a.png,4,generated_esms
aafdfe36-5d23-11f0-ad5b-6beadf5bae8a.png,5,generated_esms
abd35ef0-5d23-11f0-ad5b-6beadf5bae8a.png,4,generated_esms
aca69798-5d23-11f0-ad5b-6beadf5bae8a.png,5,generated_esms
ad790ba6-5d23-11f0-ad5b-6beadf5bae8a.png,4,generated_esms
ae4a71e6-5d23-11f0-ad5b-6beadf5bae8a.png,5,generated_esms
af228c34-5d23-11f0-ad5b-6beadf5bae8a.png,4,generated_esms
aff7eec4-5d23-11f0-ad5b-6beadf5bae8a.png,5,generated_esms
b0d30ed2-5d23-11f0-ad5b-6beadf5bae8a.png,4,generated_esms
b1ac29ec-5d23-11f0-ad5b-6beadf5bae8a.png,5,generated_esms
b28191c2-5d23-11f0-ad5b-6beadf5bae8a.png,4,generated_esms
b353ffb8-5d23-11f0-ad5b-6beadf5bae8a.png,5,generated_esms
b4299d4e-5d23-11f0-ad5b-6beadf5bae8a.png,4,generated_esms
b500b522-5d23-11f0-ad5b-6beadf5bae8a.png,5,generated_esms
b5d7549c-5d23-11f0-ad5b-6beadf5bae8a.png,4,generated_esms
b6abf896-5d23-11f0-ad5b-6beadf5bae8a.png,5,generated_esms
b77decfc-5d23-11f0-ad5b-6beadf5bae8a.png,4,generated_esms
b8505afc-5d23-11f0-ad5b-6beadf5bae8a.png,5,generated_esms
b92993b2-5d23-11f0-ad5b-6beadf5bae8a.png,4,generated_esms
b9ff22a2-5d23-11f0-ad5b-6beadf5bae8a.png,5,generated_esms
bad14c28-5d23-11f0-ad5b-6beadf5bae8a.png,4,generated_esms
bba7b01a-5d23-11f0-ad5b-6beadf5bae8a.png,5,generated_esms
bc7ad13e-5d23-11f0-ad5b-6beadf5bae8a.png,4,generated_esms
bd4f231c-5d23-11f0-ad5b-6beadf5bae8a.png,5,generated_esms
be2781f8-5d23-11f0-ad5b-6beadf5bae8a.png,4,generated_esms
bf016d28-5d23-11f0-ad5b-6beadf5bae8a.png,5,generated_esms
bfd4360e-5d23-11f0-ad5b-6beadf5bae8a.png,4,generated_esms
c0a97eea-5d23-11f0-ad5b-6beadf5bae8a.png,5,generated_esms
c18afef6-5d23-11f0-ad5b-6beadf5bae8a.png,4,generated_esms
c2652d4c-5d23-11f0-ad5b-6beadf5bae8a.png,5,generated_esms
c33f30fa-5d23-11f0-ad5b-6beadf5bae8a.png,4,generated_esms
c416c3ee-5d23-11f0-ad5b-6beadf5bae8a.png,5,generated_esms
c4f966c2-5d23-11f0-ad5b-6beadf5bae8a.png,4,generated_esms
c5d5446c-5d23-11f0-ad5b-6beadf5bae8a.png,5,generated_esms
c6b4be58-5d23-11f0-ad5b-6beadf5bae8a.png,4,generated_esms
c78a08a6-5d23-11f0-ad5b-6beadf5bae8a.png,5,generated_esms
c8618a24-5d23-11f0-ad5b-6beadf5bae8a.png,4,generated_esms
c93ad540-5d23-11f0-ad5b-6beadf5bae8a.png,5,generated_esms
ca11c848-5d23-11f0-ad5b-6beadf5bae8a.png,4,generated_esms
cae61cf6-5d23-11f0-ad5b-6beadf5bae8a.png,5,generated_esms
cbba8af4-5d23-11f0-ad5b-6beadf5bae8a.png,4,generated_esms
cc8f8f7e-5d23-11f0-ad5b-6beadf5bae8a.png,5,generated_esms
cd61efd2-5d23-11f0-ad5b-6beadf5bae8a.png,4,generated_esms
ce36b992-5d23-11f0-ad5b-6beadf5bae8a.png,5,generated_esms
cf0b54fe-5d23-11f0-ad5b-6beadf5bae8a.png,4,generated_esms
cfdf679e-5d23-11f0-ad5b-6beadf5bae8a.png,5,generated_esms
d0b25cd0-5d23-11f0-ad5b-6beadf5bae8a.png,4,generated_esms
d1859c1c-5d23-11f0-ad5b-6beadf5bae8a.png,5,generated_esms
d25ad288-5d23-11f0-ad5b-6beadf5bae8a.png,4,generated_esms
d3302a50-5d23-11f0-ad5b-6beadf5bae8a.png,5,generated_esms
d4035fec-5d23-11f0-ad5b-6beadf5bae8a.png,4,generated_esms
d4d948e6-5d23-11f0-ad5b-6beadf5bae8a.png,5,generated_esms
d5b02ef6-5d23-11f0-ad5b-6beadf5bae8a.png,4,generated_esms
d684a03c-5d23-11f0-ad5b-6beadf5bae8a.png,5,generated_esms
d75a8148-5d23-11f0-ad5b-6beadf5bae8a.png,4,generated_esms
d82f0652-5d23-11f0-ad5b-6beadf5bae8a.png,5,generated_esms
d90aaefa-5d23-11f0-ad5b-6beadf5bae8a.png,4,generated_esms
d9e3b5e2-5d23-11f0-ad5b-6beadf5bae8a.png,5,generated_esms
dac7f98c-5d23-11f0-ad5b-6beadf5bae8a.png,4,generated_esms
db9f347e-5d23-11f0-ad5b-6beadf5bae8a.png,5,generated_esms
dc752f98-5d23-11f0-ad5b-6beadf5bae8a.png,4,generated_esms
dd4bcf30-5d23-11f0-ad5b-6beadf5bae8a.png,5,generated_esms
de1f8b18-5d23-11f0-ad5b-6beadf5bae8a.png,4,generated_esms
def0ddee-5d23-11f0-ad5b-6beadf5bae8a.png,5,generated_esms
dfc7c5e8-5d23-11f0-ad5b-6beadf5bae8a.png,4,generated_esms
e09d475e-5d23-11f0-ad5b-6beadf5bae8a.png,5,generated_esms
e175555e-5d23-11f0-ad5b-6beadf5bae8a.png,4,generated_esms
e246326e-5d23-11f0-ad5b-6beadf5bae8a.png,5,generated_esms
e31ade1a-5d23-11f0-ad5b-6beadf5bae8a.png,4,generated_esms
e3eee980-5d23-11f0-ad5b-6beadf5bae8a.png,5,generated_esms
e4d24c84-5d23-11f0-ad5b-6beadf5bae8a.png,4,generated_esms
e5abdb0c-5d23-11f0-ad5b-6beadf5bae8a.png,5,generated_esms
e682baaa-5d23-11f0-ad5b-6beadf5bae8a.png,4,generated_esms
e7587b22-5d23-11f0-ad5b-6beadf5bae8a.png,5,generated_esms
e82ea288-5d23-11f0-ad5b-6beadf5bae8a.png,4,generated_esms
e903ddfe-5d23-11f0-ad5b-6beadf5bae8a.png,5,generated_esms
e9dced1a-5d23-11f0-ad5b-6beadf5bae8a.png,4,generated_esms
eaaeb52a-5d23-11f0-ad5b-6beadf5bae8a.png,5,generated_esms
eb87ca7c-5d23-11f0-ad5b-6beadf5bae8a.png,4,generated_esms
ec5a457e-5d23-11f0-ad5b-6beadf5bae8a.png,5,generated_esms
ed2e3866-5d23-11f0-ad5b-6beadf5bae8a.png,4,generated_esms
ee05611a-5d23-11f0-ad5b-6beadf5bae8a.png,5,generated_esms
eedc59ea-5d23-11f0-ad5b-6beadf5bae8a.png,4,generated_esms
efb9651a-5d23-11f0-ad5b-6beadf5bae8a.png,5,generated_esms
f0aeddec-5d23-11f0-ad5b-6beadf5bae8a.png,4,generated_esms
f18fb92a-5d23-11f0-ad5b-6beadf5bae8a.png,5,generated_esms
f26e8308-5d23-11f0-ad5b-6beadf5bae8a.png,4,generated_esms
f344a096-5d23-11f0-ad5b-6beadf5bae8a.png,5,generated_esms
f41cd1b4-5d23-11f0-ad5b-6beadf5bae8a.png,4,generated_esms
f4f5ab1a-5d23-11f0-ad5b-6beadf5bae8a.png,5,generated_esms
f5dad9d8-5d23-11f0-ad5b-6beadf5bae8a.png,4,generated_esms
f6b8c5a4-5d23-11f0-ad5b-6beadf5bae8a.png,5,generated_esms
f78b5ad2-5d23-11f0-ad5b-6beadf5bae8a.png,4,generated_esms
f8622198-5d23-11f0-ad5b-6beadf5bae8a.png,5,generated_esms
f942effc-5d23-11f0-ad5b-6beadf5bae8a.png,4,generated_esms
fa1a6d92-5d23-11f0-ad5b-6beadf5bae8a.png,5,generated_esms
faf280ec-5d23-11f0-ad5b-6beadf5bae8a.png,4,generated_esms
fbd1b46a-5d23-11f0-ad5b-6beadf5bae8a.png,5,generated_esms
fcaba8c8-5d23-11f0-ad5b-6beadf5bae8a.png,4,generated_esms
fd7d74b6-5d23-11f0-ad5b-6beadf5bae8a.png,5,generated_esms
fe526aea-5d23-11f0-ad5b-6beadf5bae8a.png,4,generated_esms
ff24a8f2-5d23-11f0-ad5b-6beadf5bae8a.png,5,generated_esms
fffaf286-5d23-11f0-ad5b-6beadf5bae8a.png,4,generated_esms
00cbdc84-5d24-11f0-ad5b-6beadf5bae8a.png,5,generated_esms
01a019e0-5d24-11f0-ad5b-6beadf5bae8a.png,4,generated_esms
027623c8-5d24-11f0-ad5b-6beadf5bae8a.png,5,generated_esms
0355340a-5d24-11f0-ad5b-6beadf5bae8a.png,4,generated_esms
042a43f2-5d24-11f0-ad5b-6beadf5bae8a.png,5,generated_esms
0500a64a-5d24-11f0-ad5b-6beadf5bae8a.png,4,generated_esms
05d60ab0-5d24-11f0-ad5b-6beadf5bae8a.png,5,generated_esms
06a7e1ca-5d24-11f0-ad5b-6beadf5bae8a.png,4,generated_esms
077dfaf8-5d24-11f0-ad5b-6beadf5bae8a.png,5,generated_esms
0855e38c-5d24-11f0-ad5b-6beadf5bae8a.png,4,generated_esms
092aeb2c-5d24-11f0-ad5b-6beadf5bae8a.png,5,generated_esms
0a096cda-5d24-11f0-ad5b-6beadf5bae8a.png,4,generated_esms
0aed8e6a-5d24-11f0-ad5b-6beadf5bae8a.png,5,generated_esms
0bc87ce6-5d24-11f0-ad5b-6beadf5bae8a.png,4,generated_esms
0ca0b4bc-5d24-11f0-ad5b-6beadf5bae8a.png,5,generated_esms
0d738c3e-5d24-11f0-ad5b-6beadf5bae8a.png,4,generated_esms
0e47b8a6-5d24-11f0-ad5b-6beadf5bae8a.png,5,generated_esms
0f1b3d5c-5d24-11f0-ad5b-6beadf5bae8a.png,4,generated_esms
0fef803a-5d24-11f0-ad5b-6beadf5bae8a.png,5,generated_esms
10cf6ee8-5d24-11f0-ad5b-6beadf5bae8a.png,4,generated_esms
11ac5d3a-5d24-11f0-ad5b-6beadf5bae8a.png,5,generated_esms
128de412-5d24-11f0-ad5b-6beadf5bae8a.png,4,generated_esms
1363e54e-5d24-11f0-ad5b-6beadf5bae8a.png,5,generated_esms
144951b0-5d24-11f0-ad5b-6beadf5bae8a.png,4,generated_esms
151ddf16-5d24-11f0-ad5b-6beadf5bae8a.png,5,generated_esms
15fb9ba8-5d24-11f0-ad5b-6beadf5bae8a.png,4,generated_esms
16d73528-5d24-11f0-ad5b-6beadf5bae8a.png,5,generated_esms
17b07a18-5d24-11f0-ad5b-6beadf5bae8a.png,4,generated_esms
1882f60a-5d24-11f0-ad5b-6beadf5bae8a.png,5,generated_esms
1953e4fe-5d24-11f0-ad5b-6beadf5bae8a.png,4,generated_esms
1a2c8fde-5d24-11f0-ad5b-6beadf5bae8a.png,5,generated_esms
1b059db0-5d24-11f0-ad5b-6beadf5bae8a.png,4,generated_esms
1be3de4a-5d24-11f0-ad5b-6beadf5bae8a.png,5,generated_esms
